First Name;Last Name;Company Name;Role In Company;Address;E-Mail;Phone Number
"William";"Turner";"FedEx";"Web Developer";"4687 station road";"wturner@fedex.gives";"26386053664";
"Maryam";"Dunn";"Sugarwell";"Sales Representative";"1895 springfield road";"mdunn@sugarwell.marketing";"18354233377";
"Chloe";"Holland";"Waterfront";"Mental Health Counselor";"9509 north road";"cholland@waterfront.house";"70236936397";
"Adam";"Shepherd";"EY";"Electrician";"5103 george street";"ashepherd@ey.schule";"70072240089";
"Lottie";"Mason";"Autodesk";"Fabricator";"2115 albert road";"lmason@autodesk.tienda";"33763440726";
"Leo";"Morgan";"Edward Jones";"Architect";"5465 king street";"lmorgan@edwardjones.international";"82870315830";
"Mohammad";"Patel";"Children's Healthcare of Atlanta";"Medical Engineer";"9261 the avenue";"mpatel@childrenshealthcareofatlanta.toys";"56044248761";
"Martha";"Thomas";"EY";"Landscaper & Groundskeeper";"5377 mill lane";"mthomas@ey.directory";"65846955473";
"Brooke";"Wilson";"Autodesk";"Recreation & Fitness Worker";"6242 queensway";"bwilson@autodesk.amsterdam";"38161511570";
"Logan";"Bell";"Adobe Systems";"Mental Health Counselor";"1261 broadway";"lbell@adobesystems.shopping";"94902820345";
"Felix";"Warren";"Encompass Home Health And Hospice";"Analyst";"7307 new street";"fwarren@encompasshomehealthandhospice.glass";"19135426334";
"Hugo";"Mcdonald";"Timepath Inc.";"Administrative Assistant";"3416 springfield road";"hmcdonald@timepathinc.webcam";"80270343972";
"Evelyn";"Grant";"Sheetz";"Middle School Teacher";"9861 george street";"egrant@sheetz.photo";"51301219519";
"Jamie";"Roberts";"Autodesk";"Interpreter & Translator";"2180 york road";"jroberts@autodesk.website";"90452133738";
"Matthew";"Booth";"Cooley";"Bookkeepin";"2276 mill lane";"mbooth@cooley.gold";"93860347541";
"Isabelle";"Bennett";"The Boston Consulting Group";"Registered Nurse";"2073 richmond road";"ibennett@thebostonconsultinggroup.lol";"41240587020";
"Oscar";"Thompson";"Orrick, Herrington & Sutcliffe";"Lawyer";"4253 queens road";"othompson@orrick,herrington&sutcliffe.tech";"46930562318";
"Anna";"Matthews";"Acuity";"High School Teacher";"5546 queens road";"amatthews@acuity.mba";"44864519829";
"Charlie";"Hayes";"Google";"Maintenance & Repair Worker";"8050 the green";"chayes@google.live";"95021827863";
"Millie";"Carr";"Intuit";"Loan Officer";"6267 mill road";"mcarr@intuit.community";"35458147721";
